username,review_count,first_found_on,cities_found,masseurs_reviewed,first_seen,last_seen,sample_review
"stream",26,"HairyMasseurXX","brooklyn-ny,manhattan-ny,queens-ny","AlexRelaxMassage,Asian_greathands,BeefyMuscleMan,BodyworkBro,Eledmuscle,EliasLatino,ExhaleBrandon,GoodVibesGuy,HairyMasseurXX,JacobAA,JosePerezLatino,Leoleehome,LuisNYC,Nepttun,OloSilver,OwenGrey,RodrigoDiPietro,Samgl,SimonSuraci,Will_Xavier,ZenMen,about,justinyurmouth,massages,robxlNYCmassuer,topics","2026-07-02T22:52:04.548214+00:00","2026-07-02T22:54:24.245581+00:00",""
"topics",26,"HairyMasseurXX","brooklyn-ny,manhattan-ny,queens-ny","AlexRelaxMassage,Asian_greathands,BeefyMuscleMan,BodyworkBro,Eledmuscle,EliasLatino,ExhaleBrandon,GoodVibesGuy,HairyMasseurXX,JacobAA,JosePerezLatino,Leoleehome,LuisNYC,Nepttun,OloSilver,OwenGrey,RodrigoDiPietro,Samgl,SimonSuraci,Will_Xavier,ZenMen,about,justinyurmouth,massages,robxlNYCmassuer,stream","2026-07-02T22:52:04.548245+00:00","2026-07-02T22:54:24.245603+00:00",""
"massages",26,"HairyMasseurXX","brooklyn-ny,manhattan-ny,queens-ny","AlexRelaxMassage,Asian_greathands,BeefyMuscleMan,BodyworkBro,Eledmuscle,EliasLatino,ExhaleBrandon,GoodVibesGuy,HairyMasseurXX,JacobAA,JosePerezLatino,Leoleehome,LuisNYC,Nepttun,OloSilver,OwenGrey,RodrigoDiPietro,Samgl,SimonSuraci,Will_Xavier,ZenMen,about,justinyurmouth,robxlNYCmassuer,stream,topics","2026-07-02T22:52:04.548251+00:00","2026-07-02T22:54:24.245613+00:00",""
"about",26,"HairyMasseurXX","brooklyn-ny,manhattan-ny,queens-ny","AlexRelaxMassage,Asian_greathands,BeefyMuscleMan,BodyworkBro,Eledmuscle,EliasLatino,ExhaleBrandon,GoodVibesGuy,HairyMasseurXX,JacobAA,JosePerezLatino,Leoleehome,LuisNYC,Nepttun,OloSilver,OwenGrey,RodrigoDiPietro,Samgl,SimonSuraci,Will_Xavier,ZenMen,justinyurmouth,massages,robxlNYCmassuer,stream,topics","2026-07-02T22:52:04.548256+00:00","2026-07-02T22:54:24.245621+00:00",""
"AlexisXiao",3,"stream","manhattan-ny","about,stream,topics","2026-07-02T22:53:38.167543+00:00","2026-07-02T22:53:57.891852+00:00",""
"Samgl",3,"stream","manhattan-ny","massages,stream,topics","2026-07-02T22:53:38.167576+00:00","2026-07-02T22:53:57.891833+00:00",""
"LeopardBodywork",2,"stream","manhattan-ny","stream,topics","2026-07-02T22:53:38.167547+00:00","2026-07-02T22:53:57.891840+00:00",""
"youngasian",2,"stream","manhattan-ny","stream,topics","2026-07-02T22:53:38.167551+00:00","2026-07-02T22:53:57.891904+00:00",""
"Fredericodedeus",2,"stream","manhattan-ny","massages,stream","2026-07-02T22:53:38.167555+00:00","2026-07-02T22:53:44.584064+00:00",""
"JosePerezLatino",2,"stream","manhattan-ny","stream,topics","2026-07-02T22:53:38.167563+00:00","2026-07-02T22:53:57.891815+00:00",""
"HairyMasseurXX",2,"stream","manhattan-ny","massages,stream","2026-07-02T22:53:38.167568+00:00","2026-07-02T22:53:44.584081+00:00",""
"GoodVibesGuy",2,"stream","manhattan-ny","about,stream","2026-07-02T22:53:38.167572+00:00","2026-07-02T22:53:51.282297+00:00",""
"ExhaleBrandon",2,"massages","manhattan-ny","about,massages","2026-07-02T22:53:44.584020+00:00","2026-07-02T22:53:51.282285+00:00",""
"robxlNYCmassuer",2,"massages","manhattan-ny","massages,topics","2026-07-02T22:53:44.584038+00:00","2026-07-02T22:53:57.891873+00:00",""
"LuisNYC",2,"massages","manhattan-ny","about,massages","2026-07-02T22:53:44.584044+00:00","2026-07-02T22:53:51.282329+00:00",""
"TrevorJames",2,"massages","manhattan-ny","about,massages","2026-07-02T22:53:44.584057+00:00","2026-07-02T22:53:51.282340+00:00",""
"JacobAA",2,"massages","manhattan-ny","massages,topics","2026-07-02T22:53:44.584074+00:00","2026-07-02T22:53:57.891892+00:00",""
"BeefyMuscleMan",2,"about","manhattan-ny","about,topics","2026-07-02T22:53:51.282353+00:00","2026-07-02T22:53:57.891910+00:00",""
"LucasVentura",1,"stream","manhattan-ny","stream","2026-07-02T22:53:38.167513+00:00","2026-07-02T22:53:38.167514+00:00",""
"AngelStrong",1,"stream","manhattan-ny","stream","2026-07-02T22:53:38.167532+00:00","2026-07-02T22:53:38.167533+00:00",""
"LeopardBWTours",1,"stream","manhattan-ny","stream","2026-07-02T22:53:38.167538+00:00","2026-07-02T22:53:38.167538+00:00",""
"Eledmuscle",1,"stream","manhattan-ny","stream","2026-07-02T22:53:38.167559+00:00","2026-07-02T22:53:38.167560+00:00",""
"ExclusiveTouch",1,"massages","manhattan-ny","massages","2026-07-02T22:53:44.584032+00:00","2026-07-02T22:53:44.584033+00:00",""
"Nepttun",1,"massages","manhattan-ny","massages","2026-07-02T22:53:44.584048+00:00","2026-07-02T22:53:44.584049+00:00",""
"YoungxlOwen",1,"massages","manhattan-ny","massages","2026-07-02T22:53:44.584053+00:00","2026-07-02T22:53:44.584053+00:00",""
"YoungGuyOldSoul",1,"massages","manhattan-ny","massages","2026-07-02T22:53:44.584069+00:00","2026-07-02T22:53:44.584069+00:00",""
"darrellsbody",1,"about","manhattan-ny","about","2026-07-02T22:53:51.282271+00:00","2026-07-02T22:53:51.282271+00:00",""
"Jock_massages",1,"about","manhattan-ny","about","2026-07-02T22:53:51.282291+00:00","2026-07-02T22:53:51.282292+00:00",""
"AlexRelaxMassage",1,"about","manhattan-ny","about","2026-07-02T22:53:51.282323+00:00","2026-07-02T22:53:51.282323+00:00",""
"Asian_greathands",1,"about","manhattan-ny","about","2026-07-02T22:53:51.282335+00:00","2026-07-02T22:53:51.282336+00:00",""
"OloSilver",1,"about","manhattan-ny","about","2026-07-02T22:53:51.282345+00:00","2026-07-02T22:53:51.282345+00:00",""
"GoldenBrownLV",1,"about","manhattan-ny","about","2026-07-02T22:53:51.282349+00:00","2026-07-02T22:53:51.282350+00:00",""
"PersianMuscleNYC",1,"topics","manhattan-ny","topics","2026-07-02T22:53:57.891858+00:00","2026-07-02T22:53:57.891859+00:00",""
"StrongHnds",1,"topics","manhattan-ny","topics","2026-07-02T22:53:57.891877+00:00","2026-07-02T22:53:57.891878+00:00",""
"Leoleehome",1,"topics","manhattan-ny","topics","2026-07-02T22:53:57.891882+00:00","2026-07-02T22:53:57.891882+00:00",""
"Will_Xavier",1,"topics","manhattan-ny","topics","2026-07-02T22:53:57.891915+00:00","2026-07-02T22:53:57.891915+00:00",""
